INSERT INTO BRANDS (ID, NAME)
VALUES (1, 'Ford');
INSERT INTO BRANDS (ID, NAME)
VALUES (2, 'Chevrolet');
INSERT INTO BRANDS (ID, NAME)
VALUES (3, 'BMW');

INSERT INTO MODELS (ID, NAME, PRODUCED_FROM, PRODUCED_SINCE, BRAND_ID)
VALUES (1, 'Fiesta', '2013-01-01', '2016-06-01', 1);
INSERT INTO MODELS (ID, NAME, PRODUCED_FROM, PRODUCED_SINCE, BRAND_ID)
VALUES (2, 'Focus', '2008-08-01', '2011-12-10', 1);
INSERT INTO MODELS (ID, NAME, PRODUCED_FROM, PRODUCED_SINCE, BRAND_ID)
VALUES (3, 'Cruze', '2012-01-01', '2013-12-01', 2);
INSERT INTO MODELS (ID, NAME, PRODUCED_FROM, PRODUCED_SINCE, BRAND_ID)
VALUES (4, 'Impala', '1984-09-01', '1993-05-15', 2);
INSERT INTO MODELS (ID, NAME, PRODUCED_FROM, PRODUCED_SINCE, BRAND_ID)
VALUES (5, '3', '2019-05-10', '2020-08-15', 3);
INSERT INTO MODELS (ID, NAME, PRODUCED_FROM, PRODUCED_SINCE, BRAND_ID)
VALUES (6, 'M8', '2018-09-08', '2020-09-10', 3);

INSERT INTO PARTS (ID, DESCRIPTION, NAME, PRICE, MODEL_ID)
VALUES (1, 'Replacement disc brakes', 'Brakes', 200.00, 1);
INSERT INTO PARTS (ID, DESCRIPTION, NAME, PRICE, MODEL_ID)
VALUES (2, 'Best clutch for model', 'Clutch', 700.00, 1);
INSERT INTO PARTS (ID, DESCRIPTION, NAME, PRICE, MODEL_ID)
VALUES (3, 'Fuel Pump compatible', 'Fuel Pump', 300.00, 1);
INSERT INTO PARTS (ID, DESCRIPTION, NAME, PRICE, MODEL_ID)
VALUES (4, 'Sport edition', 'Steering Wheel', 258.00, 1);
INSERT INTO PARTS (ID, DESCRIPTION, NAME, PRICE, MODEL_ID)
VALUES (5, 'Replacement clutch', 'Clutch', 1600.00, 2);
INSERT INTO PARTS (ID, DESCRIPTION, NAME, PRICE, MODEL_ID)
VALUES (6, 'Ventilated disc brakes', 'Brakes', 800.00, 2);
INSERT INTO PARTS (ID, DESCRIPTION, NAME, PRICE, MODEL_ID)
VALUES (7, 'Pump with good parameters', 'Fuel Pump', 780.00, 2);
INSERT INTO PARTS (ID, DESCRIPTION, NAME, PRICE, MODEL_ID)
VALUES (8, 'Grand Prix edition', 'Steering Wheel', 865.00, 2);
INSERT INTO PARTS (ID, DESCRIPTION, NAME, PRICE, MODEL_ID)
VALUES (9, 'E91 brakes', 'Brakes', 300.00, 3);
INSERT INTO PARTS (ID, DESCRIPTION, NAME, PRICE, MODEL_ID)
VALUES (10, 'E93 clutch', 'Clutch', 1900.00, 3);
INSERT INTO PARTS (ID, DESCRIPTION, NAME, PRICE, MODEL_ID)
VALUES (11, 'Diesel', 'Fuel Pump', 400.00, 3);
INSERT INTO PARTS (ID, DESCRIPTION, NAME, PRICE, MODEL_ID)
VALUES (12, 'Grand Prix edition', 'Steering Wheel', 6000.00, 3);
INSERT INTO PARTS (ID, DESCRIPTION, NAME, PRICE, MODEL_ID)
VALUES (13, 'Carbon disks', 'Brakes', 17000.00, 4);
INSERT INTO PARTS (ID, DESCRIPTION, NAME, PRICE, MODEL_ID)
VALUES (14, 'Two disk clutch', 'Clutch', 6230.00, 4);
INSERT INTO PARTS (ID, DESCRIPTION, NAME, PRICE, MODEL_ID)
VALUES (15, 'Direct pump', 'Fuel Pump', 2800.00, 4);
INSERT INTO PARTS (ID, DESCRIPTION, NAME, PRICE, MODEL_ID)
VALUES (16, 'Carbon wheel', 'Steering Wheel', 7800.00, 4);
INSERT INTO PARTS (ID, DESCRIPTION, NAME, PRICE, MODEL_ID)
VALUES (17, 'Ventilated', 'Brakes', 762.00, 5);
INSERT INTO PARTS (ID, DESCRIPTION, NAME, PRICE, MODEL_ID)
VALUES (18, 'M Edition', 'Clutch', 944.00, 5);
INSERT INTO PARTS (ID, DESCRIPTION, NAME, PRICE, MODEL_ID)
VALUES (19, 'Standard', 'Fuel Pump', 892.00, 5);
INSERT INTO PARTS (ID, DESCRIPTION, NAME, PRICE, MODEL_ID)
VALUES (20, 'M Edition', 'Steering Wheel', 944.00, 5);
INSERT INTO PARTS (ID, DESCRIPTION, NAME, PRICE, MODEL_ID)
VALUES (21, 'Ventilated M Edition', 'Brakes', 17000.00, 6);
INSERT INTO PARTS (ID, DESCRIPTION, NAME, PRICE, MODEL_ID)
VALUES (22, 'M Edition', 'Clutch', 8920.00, 6);
INSERT INTO PARTS (ID, DESCRIPTION, NAME, PRICE, MODEL_ID)
VALUES (23, 'M Edition', 'Fuel Pump', 7000.00, 6);
INSERT INTO PARTS (ID, DESCRIPTION, NAME, PRICE, MODEL_ID)
VALUES (24, 'M Edition', 'Steering Wheel', 17620.00, 6);

INSERT INTO MAINTENANCES (ID, BEGIN_DATE, END_DATE, NAME, PART_ID)
VALUES (1, '2020-05-01', '2020-06-13', 'Replace', 1);
INSERT INTO MAINTENANCES (ID, BEGIN_DATE, END_DATE, NAME, PART_ID)
VALUES (2, '2020-08-14', '2020-08-29', 'Replace', 2);
INSERT INTO MAINTENANCES (ID, BEGIN_DATE, END_DATE, NAME, PART_ID)
VALUES (3, '2020-05-23', '2020-06-18', 'Replace', 3);
INSERT INTO MAINTENANCES (ID, BEGIN_DATE, END_DATE, NAME, PART_ID)
VALUES (4, '2020-03-22', '2020-04-10', 'Replace', 4);
INSERT INTO MAINTENANCES (ID, BEGIN_DATE, END_DATE, NAME, PART_ID)
VALUES (5, '2020-05-23', '2020-06-13', 'Replace', 5);
INSERT INTO MAINTENANCES (ID, BEGIN_DATE, END_DATE, NAME, PART_ID)
VALUES (6, '2020-08-14', '2020-08-19', 'Replace', 6);
INSERT INTO MAINTENANCES (ID, BEGIN_DATE, END_DATE, NAME, PART_ID)
VALUES (7, '2020-05-01', '2020-05-08', 'Replace', 7);
INSERT INTO MAINTENANCES (ID, BEGIN_DATE, END_DATE, NAME, PART_ID)
VALUES (8, '2020-03-22', '2020-04-20', 'Replace', 8);
INSERT INTO MAINTENANCES (ID, BEGIN_DATE, END_DATE, NAME, PART_ID)
VALUES (9, '2020-05-27', '2020-06-12', 'Replace', 9);
INSERT INTO MAINTENANCES (ID, BEGIN_DATE, END_DATE, NAME, PART_ID)
VALUES (10, '2020-03-22', '2020-06-12', 'Replace', 10);
INSERT INTO MAINTENANCES (ID, BEGIN_DATE, END_DATE, NAME, PART_ID)
VALUES (11, '2020-05-13', '2020-08-07', 'Replace', 11);
INSERT INTO MAINTENANCES (ID, BEGIN_DATE, END_DATE, NAME, PART_ID)
VALUES (12, '2020-05-27', '2020-08-29', 'Replace', 12);
INSERT INTO MAINTENANCES (ID, BEGIN_DATE, END_DATE, NAME, PART_ID)
VALUES (13, '2020-05-01', '2020-05-19', 'Replace', 13);
INSERT INTO MAINTENANCES (ID, BEGIN_DATE, END_DATE, NAME, PART_ID)
VALUES (14, '2020-08-14', '2020-08-19', 'Replace', 14);
INSERT INTO MAINTENANCES (ID, BEGIN_DATE, END_DATE, NAME, PART_ID)
VALUES (15, '2020-09-10', '2020-09-16', 'Replace', 15);
INSERT INTO MAINTENANCES (ID, BEGIN_DATE, END_DATE, NAME, PART_ID)
VALUES (16, '2020-03-22', '2020-08-29', 'Replace', 16);
INSERT INTO MAINTENANCES (ID, BEGIN_DATE, END_DATE, NAME, PART_ID)
VALUES (17, '2020-05-01', '2020-08-07', 'Replace', 17);
INSERT INTO MAINTENANCES (ID, BEGIN_DATE, END_DATE, NAME, PART_ID)
VALUES (18, '2020-05-27', '2020-06-13', 'Replace', 18);
INSERT INTO MAINTENANCES (ID, BEGIN_DATE, END_DATE, NAME, PART_ID)
VALUES (19, '2020-05-01', '2020-06-12', 'Replace', 19);
INSERT INTO MAINTENANCES (ID, BEGIN_DATE, END_DATE, NAME, PART_ID)
VALUES (20, '2020-08-14', '2020-09-16', 'Replace', 20);
INSERT INTO MAINTENANCES (ID, BEGIN_DATE, END_DATE, NAME, PART_ID)
VALUES (21, '2020-08-14', '2020-09-16', 'Replace', 21);
INSERT INTO MAINTENANCES (ID, BEGIN_DATE, END_DATE, NAME, PART_ID)
VALUES (22, '2020-05-27', '2020-06-12', 'Replace', 22);
INSERT INTO MAINTENANCES (ID, BEGIN_DATE, END_DATE, NAME, PART_ID)
VALUES (23, '2020-05-27', '2020-08-29', 'Replace', 23);
INSERT INTO MAINTENANCES (ID, BEGIN_DATE, END_DATE, NAME, PART_ID)
VALUES (24, '2020-08-14', '2020-09-16', 'Replace', 24);

INSERT INTO SALE_ARGUMENTS (ID, DISCOUNT_PERCENTAGE, EASY_INSTALL, FAST_DELIVERY, PART_ID)
VALUES (1, 30, true, true, 1);
INSERT INTO SALE_ARGUMENTS (ID, DISCOUNT_PERCENTAGE, EASY_INSTALL, FAST_DELIVERY, PART_ID)
VALUES (2, 15, true, false, 2);
INSERT INTO SALE_ARGUMENTS (ID, DISCOUNT_PERCENTAGE, EASY_INSTALL, FAST_DELIVERY, PART_ID)
VALUES (3, 76, false, true, 3);
INSERT INTO SALE_ARGUMENTS (ID, DISCOUNT_PERCENTAGE, EASY_INSTALL, FAST_DELIVERY, PART_ID)
VALUES (4, 2, false, false, 4);
INSERT INTO SALE_ARGUMENTS (ID, DISCOUNT_PERCENTAGE, EASY_INSTALL, FAST_DELIVERY, PART_ID)
VALUES (5, 6, true, false, 5);
INSERT INTO SALE_ARGUMENTS (ID, DISCOUNT_PERCENTAGE, EASY_INSTALL, FAST_DELIVERY, PART_ID)
VALUES (6, 8, false, false, 6);
INSERT INTO SALE_ARGUMENTS (ID, DISCOUNT_PERCENTAGE, EASY_INSTALL, FAST_DELIVERY, PART_ID)
VALUES (7, 11, false, true, 7);
INSERT INTO SALE_ARGUMENTS (ID, DISCOUNT_PERCENTAGE, EASY_INSTALL, FAST_DELIVERY, PART_ID)
VALUES (8, 28, false, false, 8);
INSERT INTO SALE_ARGUMENTS (ID, DISCOUNT_PERCENTAGE, EASY_INSTALL, FAST_DELIVERY, PART_ID)
VALUES (9, 2, true, false, 9);
INSERT INTO SALE_ARGUMENTS (ID, DISCOUNT_PERCENTAGE, EASY_INSTALL, FAST_DELIVERY, PART_ID)
VALUES (10, 39, false, false, 10);
INSERT INTO SALE_ARGUMENTS (ID, DISCOUNT_PERCENTAGE, EASY_INSTALL, FAST_DELIVERY, PART_ID)
VALUES (11, 30, true, false, 11);
INSERT INTO SALE_ARGUMENTS (ID, DISCOUNT_PERCENTAGE, EASY_INSTALL, FAST_DELIVERY, PART_ID)
VALUES (12, 2, true, true, 12);
INSERT INTO SALE_ARGUMENTS (ID, DISCOUNT_PERCENTAGE, EASY_INSTALL, FAST_DELIVERY, PART_ID)
VALUES (13, 46, false, false, 13);
INSERT INTO SALE_ARGUMENTS (ID, DISCOUNT_PERCENTAGE, EASY_INSTALL, FAST_DELIVERY, PART_ID)
VALUES (14, 4, false, false, 14);
INSERT INTO SALE_ARGUMENTS (ID, DISCOUNT_PERCENTAGE, EASY_INSTALL, FAST_DELIVERY, PART_ID)
VALUES (15, 5, true, false, 15);
INSERT INTO SALE_ARGUMENTS (ID, DISCOUNT_PERCENTAGE, EASY_INSTALL, FAST_DELIVERY, PART_ID)
VALUES (16, 8, true, true, 16);
INSERT INTO SALE_ARGUMENTS (ID, DISCOUNT_PERCENTAGE, EASY_INSTALL, FAST_DELIVERY, PART_ID)
VALUES (17, 54, false, false, 17);
INSERT INTO SALE_ARGUMENTS (ID, DISCOUNT_PERCENTAGE, EASY_INSTALL, FAST_DELIVERY, PART_ID)
VALUES (18, 51, true, false, 18);
INSERT INTO SALE_ARGUMENTS (ID, DISCOUNT_PERCENTAGE, EASY_INSTALL, FAST_DELIVERY, PART_ID)
VALUES (19, 9, false, false, 20);
INSERT INTO SALE_ARGUMENTS (ID, DISCOUNT_PERCENTAGE, EASY_INSTALL, FAST_DELIVERY, PART_ID)
VALUES (20, 39, false, true, 21);
INSERT INTO SALE_ARGUMENTS (ID, DISCOUNT_PERCENTAGE, EASY_INSTALL, FAST_DELIVERY, PART_ID)
VALUES (21, 61, true, false, 22);
INSERT INTO SALE_ARGUMENTS (ID, DISCOUNT_PERCENTAGE, EASY_INSTALL, FAST_DELIVERY, PART_ID)
VALUES (22, 8, true, false, 23);
INSERT INTO SALE_ARGUMENTS (ID, DISCOUNT_PERCENTAGE, EASY_INSTALL, FAST_DELIVERY, PART_ID)
VALUES (23, 9, false, true, 24);

INSERT INTO STOCKS (ID, AMOUNT, SHIPMENT_DATE, PART_ID)
VALUES (1, 500, '2020-09-23', 1);
INSERT INTO STOCKS (ID, AMOUNT, SHIPMENT_DATE, PART_ID)
VALUES (2, 300, '2020-09-25', 2);
INSERT INTO STOCKS (ID, AMOUNT, SHIPMENT_DATE, PART_ID)
VALUES (3, 42, '2020-09-24', 3);
INSERT INTO STOCKS (ID, AMOUNT, SHIPMENT_DATE, PART_ID)
VALUES (4, 12, '2020-09-29', 4);
INSERT INTO STOCKS (ID, AMOUNT, SHIPMENT_DATE, PART_ID)
VALUES (5, 666, '2020-09-30', 5);
INSERT INTO STOCKS (ID, AMOUNT, SHIPMENT_DATE, PART_ID)
VALUES (6, 777, '2020-10-02', 6);
INSERT INTO STOCKS (ID, AMOUNT, SHIPMENT_DATE, PART_ID)
VALUES (7, 888, '2020-09-25', 7);
INSERT INTO STOCKS (ID, AMOUNT, SHIPMENT_DATE, PART_ID)
VALUES (8, 999, '2020-09-24', 8);
INSERT INTO STOCKS (ID, AMOUNT, SHIPMENT_DATE, PART_ID)
VALUES (9, 456, '2020-09-23', 9);
INSERT INTO STOCKS (ID, AMOUNT, SHIPMENT_DATE, PART_ID)
VALUES (10, 7665, '2020-09-30', 10);
INSERT INTO STOCKS (ID, AMOUNT, SHIPMENT_DATE, PART_ID)
VALUES (11, 213, '2020-09-23', 11);
INSERT INTO STOCKS (ID, AMOUNT, SHIPMENT_DATE, PART_ID)
VALUES (12, 75, '2020-10-08', 12);
INSERT INTO STOCKS (ID, AMOUNT, SHIPMENT_DATE, PART_ID)
VALUES (13, 565, '2020-10-02', 16);
INSERT INTO STOCKS (ID, AMOUNT, SHIPMENT_DATE, PART_ID)
VALUES (14, 894, '2020-09-23', 17);
INSERT INTO STOCKS (ID, AMOUNT, SHIPMENT_DATE, PART_ID)
VALUES (15, 231, '2020-10-08', 18);
INSERT INTO STOCKS (ID, AMOUNT, SHIPMENT_DATE, PART_ID)
VALUES (16, 895, '2020-10-02', 19);
INSERT INTO STOCKS (ID, AMOUNT, SHIPMENT_DATE, PART_ID)
VALUES (17, 963, '2020-09-23', 20);
INSERT INTO STOCKS (ID, AMOUNT, SHIPMENT_DATE, PART_ID)
VALUES (18, 457, '2020-10-08', 21);
